"sentence","label","tokens", "bio_tags"
"I want gift suggestion for general in all gifts",2,"want|gift|suggestion|for|general|in|all|gifts","O|B|O|O|O|O|O|B"
"I want gift suggestion for wife in all gifts",2,"want|gift|suggestion|for|wife|in|all|gifts","O|B|O|O|O|O|O|B"
"Hi I need to send a birthday scroll to my younger brother on his th birthday",2,"hi|need|to|send|birthday|scroll|to|my|younger|brother|on|his|th|birthday","O|O|O|O|B|I|O|O|O|O|O|O|O|O"
"Birthday",2,"birthday","O"
"I want gift suggestion for general for love gifts",2,"want|gift|suggestion|for|general|for|love|gifts","O|B|O|O|O|O|B|I"
"I want gift suggestion for boyfriend for birthday",2,"want|gift|suggestion|for|boyfriend|for|birthday","O|B|O|O|O|O|O"
"I want gift suggestion for general for anniversary",2,"want|gift|suggestion|for|general|for|anniversary","O|B|O|O|O|O|O"
"I want gift suggestion for couples for anniversary",2,"want|gift|suggestion|for|couples|for|anniversary","O|B|O|O|O|O|O"
"Birthday",2,"birthday","O"
"I want gift suggestion for dad for anniversary",2,"want|gift|suggestion|for|dad|for|anniversary","O|B|O|O|O|O|O"
"I want gift suggestion for general",2,"want|gift|suggestion|for|general","O|B|O|O|O"
"Gift option for teenagers",2,"gift|option|for|teenagers","B|O|O|O"
"I want gift suggestion",2,"want|gift|suggestion","O|B|O"
"I want a gift for wife for Christmas",2,"want|gift|for|wife|for|christmas","O|B|O|O|O|O"
"I want gift suggestion for friend for personalised category",2,"want|gift|suggestion|for|friend|for|personalised|category","O|B|O|O|O|O|O|O"
"I want gift suggestion for friend in all gifts",2,"want|gift|suggestion|for|friend|in|all|gifts","O|B|O|O|O|O|O|B"
"I want gift suggestion for friend for personalised category",2,"want|gift|suggestion|for|friend|for|personalised|category","O|B|O|O|O|O|O|O"
"I want gift suggestion for general in all gifts",2,"want|gift|suggestion|for|general|in|all|gifts","O|B|O|O|O|O|O|B"
"Love",2,"love","O"
"I want vanadana",2,"want|vanadana","O|B"
"I want gift suggestion for friend for personalised category",2,"want|gift|suggestion|for|friend|for|personalised|category","O|B|O|O|O|O|O|O"
"I want gift suggestion for friend for personalised category",2,"want|gift|suggestion|for|friend|for|personalised|category","O|B|O|O|O|O|O|O"
"I want a gift for wife for Christmas",2,"want|gift|for|wife|for|christmas","O|B|O|O|O|O"
"I want gift suggestion for husband for birthday",2,"want|gift|suggestion|for|husband|for|birthday","O|B|O|O|O|O|O"
"SISTER KE LIYE GIFT",2,"sister|ke|liye|gift","O|O|O|B"
"Birthday",2,"birthday","O"
"I want gift suggestion for wife",2,"want|gift|suggestion|for|wife","O|B|O|O"
"Birthday",2,"birthday","O"
"I want gift suggestion for friend for personalised category",2,"want|gift|suggestion|for|friend|for|personalised|category","O|B|O|O|O|O|O|O"
"I want a gift for husband for Diwali",2,"want|gift|for|husband|for|diwali","O|B|O|O|O|O"
"I want gift suggestion for brother for birthday",2,"want|gift|suggestion|for|brother|for|birthday","O|B|O|O|O|O|O"
"The teddy bear set",2,"the|teddy|bear|set","O|B|I|I"
"I want bluetooth speaker",2,"want|bluetooth|speaker","O|B|I"
"Customised key chain",2,"customised|key|chain","B|I|I"
"I want gift suggestion for husband for birthday",2,"want|gift|suggestion|for|husband|for|birthday","O|B|O|O|O|O|O"
"I want a gift for wife for Karva Chauth",2,"want|gift|for|wife|for|karva|chauth","O|B|O|O|O|O"
"Need customized keychain",2,"need|customized|keychain","O|B|I"
"Required key rings",2,"required|key|rings","O|B|I"
"Want some unique gift for my sister on her birthday",2,"want|some|unique|gift|for|my|sister|on|her|birthday","O|O|O|B|O|O|O|O|O|O"
"Watch",2,"watch","B"
"I want a gift for babies for Diwali",2,"want|gift|for|babies|for|diwali","O|B|O|O|O|O"
"I want gift suggestion for friend for personalised category",2,"want|gift|suggestion|for|friend|for|personalised|category","O|B|O|O|O|O|O|O"
"I want gift suggestion for friend in all gifts",2,"want|gift|suggestion|for|friend|in|all|gifts","O|B|O|O|O|O|O|B"
"I want gift suggestion for general in all gifts",2,"want|gift|suggestion|for|general|in|all|gifts","O|B|O|O|O|O|O|B"
"I want gift suggestion for friend in all gifts",2,"want|gift|suggestion|for|friend|in|all|gifts","O|B|O|O|O|O|O|B"
"I need pages notebook.",2,"need|pages|notebook","O|B|I"
"need ideas",2,"need|ideas","O|O"
"I want gift suggestion for boyfriend for birthday",2,"want|gift|suggestion|for|boyfriend|for|birthday","O|B|O|O|O|O|O"
"Poorvika bike point keychain",2,"poorvika|bike|point|keychain","B|I|I|I"
"I want gift suggestion for boyfriend for birthday",2,"want|gift|suggestion|for|boyfriend|for|birthday","O|B|O|O|O|O|O"
"I want a gift for girlfriend for Christmas",2,"want|gift|for|girlfriend|for|christmas","O|B|O|O|O|O"
"I want bracelet",2,"want|bracelet","O|B"
"Suprise gift for women",2,"suprise|gift|for|women","B|I|O|O"
"I want a gift for girlfriend for Independence Day",2,"want|gift|for|girlfriend|for|independence|day","O|B|O|O|O|O|O"
"Customized gift hamper",2,"customized|gift|hamper","B|I|I"
"I want gift suggestion for friend for personalised category",2,"want|gift|suggestion|for|friend|for|personalised|category","O|B|O|O|O|O|O|O"
"I want empty letters ill fill by myself",2,"want|empty|letters|ill|fill|by|myself","O|B|I|O|O|O|O"
"I want unruled customized book",2,"want|unruled|customized|book","O|B|I|I"
"I need to get a get well soon teddy by tomorrow",2,"need|to|get|get|well|soon|teddy|by|tomorrow","O|O|O|B|I|I|I|O|O"
"I want name on keychain",2,"want|name|on|keychain","O|O|O|B"
"I want gift suggestion for husband for birthday",2,"want|gift|suggestion|for|husband|for|birthday","O|B|O|O|O|O|O"
"I want gift suggestion for boyfriend for love gifts",2,"want|gift|suggestion|for|boyfriend|for|love|gifts","O|B|O|O|O|O|B|I"
"I want gift suggestion for kids",2,"want|gift|suggestion|for|kids","O|B|O|O|O"
"I want gift suggestion for kids",2,"want|gift|suggestion|for|kids","O|B|O|O|O"
"I want gift suggestion",2,"want|gift|suggestion","O|B|O"
"corporate gifts",2,"corporate|gifts","B|I"
"I want gift suggestion for sister",2,"want|gift|suggestion|for|sister","O|B|O|O|O"
"I want gift suggestion for boyfriend for personalised category",2,"want|gift|suggestion|for|boyfriend|for|personalised|category","O|B|O|O|O|O|O|O"
"escada perfume i need",2,"escada|perfume|need","B|I|O"
"I want gift suggestion for general in hatke category",2,"want|gift|suggestion|for|general|in|hatke|category","O|B|O|O|O|O|O|O"
"corporate gifting options",2,"corporate|gifting|options","B|I|O"
"I want gift suggestion for boyfriend for personalised category",2,"want|gift|suggestion|for|boyfriend|for|personalised|category","O|B|O|O|O|O|O|O"
"I want to order puzzle frame",2,"want|to|order|puzzle|frame","O|O|O|B|I"
"I want to customise a keychain",2,"want|to|customise|keychain","O|O|O|B"
"I want a gift for wife for Karva Chauth",2,"want|gift|for|wife|for|karva|chauth","O|B|O|O|O|O|O"
"I want gift suggestion for friend for birthday",2,"want|gift|suggestion|for|friend|for|birthday","O|B|O|O|O|O|O"
"I want gift suggestion for brother in all gifts",2,"want|gift|suggestion|for|brother|in|all|gifts","O|B|O|O|O|O|O|B"
"Gift for employees on independence",2,"gift|for|employees|on|independence","B|O|O|O|O"
"I want gift suggestion for friend for birthday",2,"want|gift|suggestion|for|friend|for|birthday","O|B|O|O|O|O|O"
"Key chain",2,"key|chain","B|I"
"Hiii i want to order pc customize keyring",2,"hiii|want|to|order|pc|customize|keyring","O|O|O|O|B|I|I"
"I want gift suggestion for dad for anniversary",2,"want|gift|suggestion|for|dad|for|anniversary","O|B|O|O|O|O|O"
"I need to order personalized gift card",2,"need|to|order|personalized|gift|card","O|O|O|B|I|I"
"Gift for favourite senior on his farewell",2,"gift|for|favourite|senior|on|his|farewell","B|O|O|O|O|O|O"
"I want a gift for wife for Karva Chauth",2,"want|gift|for|wife|for|karva|chauth","O|B|O|O|O|O|O"
"I want gift suggestion",2,"want|gift|suggestion","O|B|O"
"I want a gift for dad for Fathers Day",2,"want|gift|for|dad|for|fathers|day","O|B|O|O|O|O|O"
"I want gift suggestion for general in all gifts",2,"want|gift|suggestion|for|general|in|all|gifts","O|B|O|O|O|O|O|B"
"I want rose gold chain with xoxo pendent",2,"want|rose|gold|chain|with|xoxo|pendent","O|B|I|I|O|B|I"
"I want a gift for dad for Fathers Day",2,"want|gift|for|dad|for|fathers|day","O|B|O|O|O|O|O"
"I want a gift for dad for Fathers Day",2,"want|gift|for|dad|for|fathers|day","O|B|O|O|O|O|O"
"I want gift suggestion for husband in all gifts",2,"want|gift|suggestion|for|husband|in|all|gifts","O|B|O|O|O|O|O|B"
"I want gift suggestion for wife",2,"want|gift|suggestion|for|wife","O|B|O|O"
"Home appliance shop model key chain",2,"home|appliance|shop|model|key|chain","B|I|I|I|I|I"
"Send a gift",2,"send|gift","O|B"
"Birthday",2,"birthday","O"
"I want gift suggestion for mother in all gifts",2,"want|gift|suggestion|for|mother|in|all|gifts","O|B|O|O|O|O|O|B"
"I want a gift for boyfriend for Onam",2,"want|gift|for|boyfriend|for|onam","O|B|O|O|O|O"
"I want gift suggestion for general in all gifts",2,"want|gift|suggestion|for|general|in|all|gifts","O|B|O|O|O|O|O|B"
"I want a gift for husband for Fathers Day",2,"want|gift|for|husband|for|fathers|day","O|B|O|O|O|O|O"
"I want gift suggestion for husband for personalised category",2,"want|gift|suggestion|for|husband|for|personalised|category","O|B|O|O|O|O|O|O"
"I want gift suggestion for friend for personalised category",2,"want|gift|suggestion|for|friend|for|personalised|category","O|B|O|O|O|O|O|O"
"I want gift suggestion",2,"want|gift|suggestion","O|B|O"
"I want gift suggestion for friend for birthday",2,"want|gift|suggestion|for|friend|for|birthday","O|B|O|O|O|O|O"
"Iwant single artificial rose long stem",2,"iwant|single|artificial|rose|long|stem","O|B|I|I|I|I"
"I want gift suggestion for husband for anniversary",2,"want|gift|suggestion|for|husband|for|anniversary","O|B|O|O|O|O|O"
"I want gift suggestion for boyfriend for birthday",2,"want|gift|suggestion|for|boyfriend|for|birthday","O|B|O|O|O|O|O"
"I want gift suggestion for boyfriend for birthday",2,"want|gift|suggestion|for|boyfriend|for|birthday","O|B|O|O|O|O|O"
"I want a gift for brother for Raksha Bandhan",2,"want|gift|for|brother|for|raksha|bandhan","O|B|O|O|O|O|O"
"I want a gift for girlfriend for Christmas",2,"want|gift|for|girlfriend|for|christmas","O|B|O|O|O|O"
"I need pieces puzzle",2,"need|pieces|puzzle","O|B|I"
"I want gift suggestion for friend",2,"want|gift|suggestion|for|friend","O|B|O|O|O"
"I want gift suggestion",2,"want|gift|suggestion","O|B|O"
"I want gift suggestion for friend for birthday",2,"want|gift|suggestion|for|friend|for|birthday","O|B|O|O|O|O|O"
"I want gift suggestion for husband for love romance",2,"want|gift|suggestion|for|husband|for|love|romance","O|B|O|O|O|O|O|O"
"I want gift suggestion for dad for anniversary",2,"want|gift|suggestion|for|dad|for|anniversary","O|B|O|O|O|O|O"
"I want gift suggestion for mother",2,"want|gift|suggestion|for|mother","O|B|O|O|O"
"Birthday gift for men",2,"birthday|gift|for|men","O|B|O|O"
"I want a gift for mother for Independence Day",2,"want|gift|for|mother|for|independence|day","O|B|O|O|O|O|O"
"I want gift suggestion for general in all gifts",2,"want|gift|suggestion|for|general|in|all|gifts","O|B|O|O|O|O|O|B"
"Phone cases",2,"phone|cases","B|I"
"I am searching for a gift th wedding anniversary traditional tin gift",2,"am|searching|for|gift|th|wedding|anniversary|traditional|tin|gift","O|O|O|B|O|O|O|B|I|I"
"Hi I need a jigsaw puzzle customized with photos",2,"hi|need|jigsaw|puzzle|customized|with|photos","O|O|B|I|I|O|O"
"Customized silver coin",2,"customized|silver|coin","B|I|I"
"Mother day",2,"mother|day","O|O"
"I want gift suggestion for friend for birthday",2,"want|gift|suggestion|for|friend|for|birthday","O|B|O|O|O|O|O"
"I want to gift mu mom on mother's day under what is suitable to buy???",2,"want|to|gift|mu|mom|on|mother|day|under|what|is|suitable|to|buy","O|O|O|O|O|O|O|O|O|O|O|O|O"
"I want to order customised card",2,"want|to|order|customised|card","O|O|O|B|I"
"I want a gift",2,"want|gift","O|B"
"I want gift suggestion for husband for anniversary",2,"want|gift|suggestion|for|husband|for|anniversary","O|B|O|O|O|O|O"
"I want gift suggestion for boyfriend for love gifts",2,"want|gift|suggestion|for|boyfriend|for|love|gifts","O|B|O|O|O|O|B|I"
"I want gifts under for the quantity of pax",2,"want|gifts|under|for|the|quantity|of|pax","O|B|O|O|O|O|O|O"
"I want to order qty Spotify engraved photo frame",2,"want|to|order|qty|spotify|engraved|photo|frame","O|O|O|O|B|I|I|I"
"I want gift for my bhabhi",2,"want|gift|for|my|bhabhi","O|B|O|O|O"
"I want gift suggestion for general",2,"want|gift|suggestion|for|general","O|B|O|O|O"
"I want gift suggestion for dad for birthday",2,"want|gift|suggestion|for|dad|for|birthday","O|B|O|O|O|O|O"
"I want gift suggestion for friend for personalised category",2,"want|gift|suggestion|for|friend|for|personalised|category","O|B|O|O|O|O|O|O"
"I want gift suggestion for wife in all gifts",2,"want|gift|suggestion|for|wife|in|all|gifts","O|B|O|O|O|O|O|B"
"Best friend birthday gift",2,"best|friend|birthday|gift","O|O|O|B"
"I want gift suggestion for boyfriend for birthday",2,"want|gift|suggestion|for|boyfriend|for|birthday","O|B|O|O|O|O|O"
"customise cake",2,"customise|cake","B|I"
"All gifts",2,"all|gifts","O|B"
"Fufa ji k liye",2,"fufa|ji|liye","O|O|O"
"a gift for newly wed couple",2,"gift|for|newly|wed|couple","B|O|O|O|O"
"I want gift suggestion for general in all gifts",2,"want|gift|suggestion|for|general|in|all|gifts","O|B|O|O|O|O|O|B"
"Add on delights",2,"add|on|delights","O|O|O"
"Baby brith photo frame",2,"baby|brith|photo|frame","B|I|I|I"
"I want gift suggestion",2,"want|gift|suggestion","O|B|O"
"Aesthetic gift for sister",2,"aesthetic|gift|for|sister","B|I|O|O"
"thermal cope beer ml",2,"thermal|cope|beer|ml","B|I|I|O"
"Anniversary",2,"anniversary","O"
"I want gift suggestion for friend for birthday",2,"want|gift|suggestion|for|friend|for|birthday","O|B|O|O|O|O|O"
"I want gift suggestion for friend for birthday",2,"want|gift|suggestion|for|friend|for|birthday","O|B|O|O|O|O|O"
"I want gift suggestion for boyfriend for personalised category",2,"want|gift|suggestion|for|boyfriend|for|personalised|category","O|B|O|O|O|O|O|O"
"I want gift suggestion for wife",2,"want|gift|suggestion|for|wife","O|B|O|O"
"Need to order for",2,"need|to|order|for","O|O|O|O"
"College farewell gifts under rs 500",2,"college|farewell|gifts|under|rs","O|O|B|O|O"
"I want a gift for husband for Fathers Day",2,"want|gift|for|husband|for|fathers|day","O|B|O|O|O|O|O"
"I want a water bottle with personalized name on it",2,"want|water|bottle|with|personalized|name|on|it","O|B|I|O|O|O|O|O"
"I want gift suggestion for couples for anniversary",2,"want|gift|suggestion|for|couples|for|anniversary","O|B|O|O|O|O|O"
"Saari function gift",2,"saari|function|gift","B|O|B"
"I want gift suggestion for sister in all gifts",2,"want|gift|suggestion|for|sister|in|all|gifts","O|B|O|O|O|O|O|B"
"I want several gift for my girlfriend which she can use daily under",2,"want|several|gift|for|my|girlfriend|which|she|can|use|daily|under","O|O|B|O|O|O|O|O|O|O|O|O"
"I want gift suggestion for husband in naughty gifts",2,"want|gift|suggestion|for|husband|in|naughty|gifts","O|B|O|O|O|O|B|I"
"I want cute boy doll",2,"want|cute|boy|doll","O|B|I|I"
"I want to gift for my brother on tomorrow",2,"want|to|gift|for|my|brother|on|tomorrow","O|O|O|O|O|O|O|O"
"Resin art?",2,"resin|art","B|I"
"What are the chocolate for birthday",2,"what|are|the|chocolate|for|birthday","O|O|O|B|O|O"
"I want to make a customized newspaper congrating a frnd",2,"want|to|make|customized|newspaper|congrating|frnd","O|O|O|B|I|O|O"
"I want gift suggestion for friend for personalised category",2,"want|gift|suggestion|for|friend|for|personalised|category","O|B|O|O|O|O|O|O"
"I want a gift for husband for Valentine's Day",2,"want|gift|for|husband|for|valentine|day","O|B|O|O|O|O|O"
"I want a gift for husband for Valentine's Day",2,"want|gift|for|husband|for|valentine|day","O|B|O|O|O|O|O"
"gram silver coin",2,"gram|silver|coin","B|I|I"
"I want a gift for couples for Valentine's Day",2,"want|gift|for|couples|for|valentine|day","O|B|O|O|O|O|O"
"I want gift suggestion",2,"want|gift|suggestion","O|B|O"
"I want a gift for wife for Valentine's Day",2,"want|gift|for|wife|for|valentine|day","O|B|O|O|O|O|O"
"The king pet portrait",2,"the|king|pet|portrait","B|I|I|I"
"Hy i need few gift options for my female employees on womens day under budget each",2,"hy|need|few|gift|options|for|my|female|employees|on|womens|day|under|budget|each","O|O|O|B|I|O|O|O|O|O|O|O|O|O|O"
"I want gift suggestion for boyfriend in all gifts",2,"want|gift|suggestion|for|boyfriend|in|all|gifts","O|B|O|O|O|O|O|B"
"I want a gift for husband for Valentine's Day",2,"want|gift|for|husband|for|valentine|day","O|B|O|O|O|O|O"
"I want gift suggestion for boyfriend for birthday",2,"want|gift|suggestion|for|boyfriend|for|birthday","O|B|O|O|O|O|O"
"I want gift suggestion for husband in all gifts",2,"want|gift|suggestion|for|husband|in|all|gifts","O|B|O|O|O|O|O|B"
"I want a gift for husband for Valentine's Day",2,"want|gift|for|husband|for|valentine|day","O|B|O|O|O|O|O"
"hi can i have a personalised magazine cover for my husbands birthday.....VOGUE and filmfare digital copy",2,"hi|can|have|personalised|magazine|cover|for|my|husbands|birthday|vogue|and|filmfare|digital|copy","O|O|O|B|I|I|O|O|O|O|B|O|B|I|I"
"I want a gift for boyfriend for Valentine's Day",2,"want|gift|for|boyfriend|for|valentine|day","O|B|O|O|O|O|O"
"I want gift suggestion for dad for birthday",2,"want|gift|suggestion|for|dad|for|birthday","O|B|O|O|O|O|O"
"suggest me a birthday to my father on his year birthday",2,"suggest|me|birthday|to|my|father|on|his|year|birthday","O|O|O|O|O|O|O|O|O|O"
"I want gift suggestion for husband for birthday",2,"want|gift|suggestion|for|husband|for|birthday","O|B|O|O|O|O|O"
"I want gift suggestion for friend for birthday",2,"want|gift|suggestion|for|friend|for|birthday","O|B|O|O|O|O|O"
"I want gift suggestion for boyfriend for personalised category",2,"want|gift|suggestion|for|boyfriend|for|personalised|category","O|B|O|O|O|O|O|O"
"I want a gift for husband for Valentine's Day",2,"want|gift|for|husband|for|valentine|day","O|B|O|O|O|O|O"
"Would like to get sketch art photo frame",2,"would|like|to|get|sketch|art|photo|frame","O|O|O|O|B|I|I|I"
"I want a gift for husband for Valentine's Day",2,"want|gift|for|husband|for|valentine|day","O|B|O|O|O|O|O"
"I want a minions customisation cup but it would be D silicone stainless cup",2,"want|minions|customisation|cup|but|it|would|be|silicone|stainless|cup","O|B|I|I|O|O|O|O|B|I|I"
"I want gift suggestion for husband for birthday",2,"want|gift|suggestion|for|husband|for|birthday","O|B|O|O|O|O|O"
"Newspaper",2,"newspaper","B"
"Love",2,"love","O"
"I want gift suggestion for girlfriend in all gifts",2,"want|gift|suggestion|for|girlfriend|in|all|gifts","O|B|O|O|O|O|O|B"
"I want gift suggestion for husband for personalised category",2,"want|gift|suggestion|for|husband|for|personalised|category","O|B|O|O|O|O|O|O"
"Anniversary",2,"anniversary","O"
"I want gift suggestion for wife in all gifts",2,"want|gift|suggestion|for|wife|in|all|gifts","O|B|O|O|O|O|O|B"
"I want a gift for girlfriend for Valentine's Day",2,"want|gift|for|girlfriend|for|valentine|day","O|B|O|O|O|O|O"
"I want gift suggestion for husband for anniversary",2,"want|gift|suggestion|for|husband|for|anniversary","O|B|O|O|O|O|O"
"I want gift suggestion for wife in all gifts",2,"want|gift|suggestion|for|wife|in|all|gifts","O|B|O|O|O|O|O|B"
"I want gift suggestion for brother",2,"want|gift|suggestion|for|brother","O|B|O|O|O"
"I want gift suggestion for husband for birthday",2,"want|gift|suggestion|for|husband|for|birthday","O|B|O|O|O|O|O"
"I want to personalize a gift",2,"want|to|personalize|gift","O|O|O|B"
"hi can you get me personalised newspapr of pages?",2,"hi|can|you|get|me|personalised|newspapr|of|pages","O|O|O|O|O|B|I|O|O"
"I want a gift for boyfriend for Valentine's Day",2,"want|gift|for|boyfriend|for|valentine|day","O|B|O|O|O|O|O"
"I want gift suggestion for brother for birthday",2,"want|gift|suggestion|for|brother|for|birthday","O|B|O|O|O|O|O"
"I want a gift for husband for Valentine's Day",2,"want|gift|for|husband|for|valentine|day","O|B|O|O|O|O|O"
"I want a gift for wife for Valentine's Day",2,"want|gift|for|wife|for|valentine|day","O|B|O|O|O|O|O"
"I want a gift for husband for Valentine's Day",2,"want|gift|for|husband|for|valentine|day","O|B|O|O|O|O|O"
"I want gift suggestion for friend for birthday",2,"want|gift|suggestion|for|friend|for|birthday","O|B|O|O|O|O|O"
"I want gift suggestion for husband for birthday",2,"want|gift|suggestion|for|husband|for|birthday","O|B|O|O|O|O|O"
"I want gift suggestion for Boyfriend in naughty gifts",2,"want|gift|suggestion|for|boyfriend|in|naughty|gifts","O|B|O|O|O|O|B|I"
"I want gift suggestion for Boyfriend in naughty gifts",2,"want|gift|suggestion|for|boyfriend|in|naughty|gifts","O|B|O|O|O|O|B|I"
"new year customised calender",2,"new|year|customised|calender","O|O|B|I"
"I want gift suggestion for boyfriend",2,"want|gift|suggestion|for|boyfriend","O|B|O|O|O"
"need seat cover",2,"need|seat|cover","O|B|I"
"Hey I want the hand written poem to frame with my daughter picture",2,"hey|want|the|hand|written|poem|to|frame|with|my|daughter|picture","O|O|O|B|I|I|I|I|O|O|O|O"
"I want my own personalized wood texture painting under rupees",2,"want|my|own|personalized|wood|texture|painting|under|rupees","O|O|O|B|I|I|I|O|O"
"I want a gift for husband for Valentine's Day",2,"want|gift|for|husband|for|valentine|day","O|B|O|O|O|O|O"
"I want gaming giftcart",2,"want|gaming|giftcart","O|B|I"
"I want gift suggestion for husband",2,"want|gift|suggestion|for|husband","O|B|O|O"
"Haapy new year mirror card",2,"haapy|new|year|mirror|card","O|O|O|B|I"
"Coin",2,"coin","B"
"I want gift suggestion for wife in all gifts",2,"want|gift|suggestion|for|wife|in|all|gifts","O|B|O|O|O|O|O|B"
"I want gift suggestion for dad for birthday",2,"want|gift|suggestion|for|dad|for|birthday","O|B|O|O|O|O|O"
"I want gift suggestion for boyfriend for birthday",2,"want|gift|suggestion|for|boyfriend|for|birthday","O|B|O|O|O|O|O"
"I want gift suggestion for friend for birthday",2,"want|gift|suggestion|for|friend|for|birthday","O|B|O|O|O|O|O"
"I want gift suggestion",2,"want|gift|suggestion","O|B|O"
"I want gift suggestion for friend",2,"want|gift|suggestion|for|friend","O|B|O|O"
"I want gift suggestion for friend for birthday",2,"want|gift|suggestion|for|friend|for|birthday","O|B|O|O|O|O|O"
"I want gift suggestion for girlfriend",2,"want|gift|suggestion|for|girlfriend","O|B|O|O"
"Best friend",2,"best|friend","O|O"
"I want gift suggestion for couples for wedding",2,"want|gift|suggestion|for|couples|for|wedding","O|B|O|O|O|O|O"
"I want gift suggestion for sister",2,"want|gift|suggestion|for|sister","O|B|O|O"
"I want gift suggestion for brother in all gifts",2,"want|gift|suggestion|for|brother|in|all|gifts","O|B|O|O|O|O|O|B"
"I want gift suggestion for friend in all gifts",2,"want|gift|suggestion|for|friend|in|all|gifts","O|B|O|O|O|O|O|B"
"I want gift suggestion for friend for birthday",2,"want|gift|suggestion|for|friend|for|birthday","O|B|O|O|O|O|O"
"I want gift suggestion for friend for birthday",2,"want|gift|suggestion|for|friend|for|birthday","O|B|O|O|O|O|O"
"I want gift suggestion for wife in all gifts",2,"want|gift|suggestion|for|wife|in|all|gifts","O|B|O|O|O|O|O|B"
"Birthday thought photo frame",2,"birthday|thought|photo|frame","O|O|B|I"
"I need a product to track my fitness",2,"need|product|to|track|my|fitness","O|B|O|O|O|O"
"Looking for a device to track my running",2,"looking|for|device|to|track|my|running","O|O|B|O|O|O|O"
"Can you suggest a tracker for my bike?",2,"can|you|suggest|tracker|for|my|bike","O|O|O|B|O|O|O"
"I want to buy a GPS tracker for my car",2,"want|to|buy|gps|tracker|for|my|car","O|O|O|B|I|O|O|O"
"Show me products to track my sleep",2,"show|me|products|to|track|my|sleep","O|O|B|O|O|O|O"
"I need a health monitoring device",2,"need|health|monitoring|device","O|B|I|I"
"Looking for a smartwatch to track steps",2,"looking|for|smartwatch|to|track|steps","O|O|B|O|O|O"
"Can you recommend a package tracking device?",2,"can|you|recommend|package|tracking|device","O|O|O|B|I|I"
"I need a product to track calories",2,"need|product|to|track|calories","O|B|O|O|O"
"Show me fitness tracking devices",2,"show|me|fitness|tracking|devices","O|O|B|I|I"
"I want a heart rate monitor",2,"want|heart|rate|monitor","O|B|I|I"
"Looking for a blood pressure tracker",2,"looking|for|blood|pressure|tracker","O|O|B|I|I"
"Can you suggest a weight tracking scale?",2,"can|you|suggest|weight|tracking|scale","O|O|O|B|I|I"
"I need a water intake tracker bottle",2,"need|water|intake|tracker|bottle","O|B|I|I|I"
"Show me products for activity tracking",2,"show|me|products|for|activity|tracking","O|O|B|O|O|O"
"Looking for wedding anniversary presents",2,"looking|for|wedding|anniversary|presents","O|O|O|O|B"
"Need something for retirement celebration",2,"need|something|for|retirement|celebration","O|B|O|O|O"
"Shopping for graduation presents",2,"shopping|for|graduation|presents","O|O|O|B"
"Looking for housewarming items",2,"looking|for|housewarming|items","O|O|O|B"
"Need baby shower presents",2,"need|baby|shower|presents","O|O|O|B"
"Shopping for engagement ceremony",2,"shopping|for|engagement|ceremony","O|O|O|O"
"Looking for promotion celebration items",2,"looking|for|promotion|celebration|items","O|O|O|O|B"
"Need farewell party presents",2,"need|farewell|party|presents","O|O|O|B"
"Shopping for festival decorations",2,"shopping|for|festival|decorations","O|O|B|I"
"Looking for new year celebration items",2,"looking|for|new|year|celebration|items","O|O|O|O|O|B"
"Looking for desk organizers",2,"looking|for|desk|organizers","O|O|B|I"
"Need office supplies",2,"need|office|supplies","O|B|I"
"Show me stationery items",2,"show|me|stationery|items","O|O|B|I"
"Looking for home decor pieces",2,"looking|for|home|decor|pieces","O|O|B|I|I"
"Need kitchen gadgets",2,"need|kitchen|gadgets","O|B|I"
"Show me bathroom accessories",2,"show|me|bathroom|accessories","O|O|B|I"
"Looking for bedroom essentials",2,"looking|for|bedroom|essentials","O|O|B|I"
"Need living room items",2,"need|living|room|items","O|B|I|I"
"Show me outdoor furniture",2,"show|me|outdoor|furniture","O|O|B|I"
"Looking for garden tools",2,"looking|for|garden|tools","O|O|B|I"
"Looking for tech gadgets",2,"looking|for|tech|gadgets","O|O|B|I"
"Need smart home devices",2,"need|smart|home|devices","O|B|I|I"
"Show me wireless products",2,"show|me|wireless|products","O|O|B|I"
"Looking for portable chargers",2,"looking|for|portable|chargers","O|O|B|I"
"Need phone accessories",2,"need|phone|accessories","O|B|I"
"Show me laptop bags",2,"show|me|laptop|bags","O|O|B|I"
"Looking for headphones",2,"looking|for|headphones","O|O|B"
"Need speaker systems",2,"need|speaker|systems","O|B|I"
"Show me camera accessories",2,"show|me|camera|accessories","O|O|B|I"
"Looking for tablet stands",2,"looking|for|tablet|stands","O|O|B|I"
"Looking for jewelry items",2,"looking|for|jewelry|items","O|O|B|I"
"Need fashion accessories",2,"need|fashion|accessories","O|B|I"
"Show me watches",2,"show|me|watches","O|O|B"
"Looking for handbags",2,"looking|for|handbags","O|O|B"
"Need sunglasses",2,"need|sunglasses","O|B"
"Show me belts and wallets",2,"show|me|belts|and|wallets","O|O|B|O|B"
"Looking for scarves",2,"looking|for|scarves","O|O|B"
"Need hair accessories",2,"need|hair|accessories","O|B|I"
"Show me cosmetics",2,"show|me|cosmetics","O|O|B"
"Looking for perfumes",2,"looking|for|perfumes","O|O|B"
"Something for book lovers",2,"something|for|book|lovers","B|O|O|O"
"Need items for music enthusiasts",2,"need|items|for|music|enthusiasts","O|B|O|O|O"
"Looking for art supplies",2,"looking|for|art|supplies","O|O|B|I"
"Need craft materials",2,"need|craft|materials","O|B|I"
"Show me hobby items",2,"show|me|hobby|items","O|O|B|I"
"Looking for sports equipment",2,"looking|for|sports|equipment","O|O|B|I"
"Need fitness accessories",2,"need|fitness|accessories","O|B|I"
"Show me yoga products",2,"show|me|yoga|products","O|O|B|I"
"Looking for gaming accessories",2,"looking|for|gaming|accessories","O|O|B|I"
"Need photography gear",2,"need|photography|gear","O|B|I"
"Looking for pet accessories",2,"looking|for|pet|accessories","O|O|B|I"
"Need dog supplies",2,"need|dog|supplies","O|B|I"
"Show me cat products",2,"show|me|cat|products","O|O|B|I"
"Looking for aquarium items",2,"looking|for|aquarium|items","O|O|B|I"
"Need bird cage accessories",2,"need|bird|cage|accessories","O|B|I|I"
"Show me pet food items",2,"show|me|pet|food|items","O|O|B|I|I"
"Looking for pet toys",2,"looking|for|pet|toys","O|O|B|I"
"Need pet grooming products",2,"need|pet|grooming|products","O|B|I|I"
"Show me pet clothing",2,"show|me|pet|clothing","O|O|B|I"
"Looking for pet carriers",2,"looking|for|pet|carriers","O|O|B|I"
"Need items for newborns",2,"need|items|for|newborns","O|B|O|O"
"Looking for toddler products",2,"looking|for|toddler|products","O|O|B|I"
"Show me kids toys",2,"show|me|kids|toys","O|O|B|I"
"Need children's books",2,"need|children|books","O|B|I"
"Looking for school supplies",2,"looking|for|school|supplies","O|O|B|I"
"Show me kids clothing",2,"show|me|kids|clothing","O|O|B|I"
"Need baby care products",2,"need|baby|care|products","O|B|I|I"
"Looking for nursery items",2,"looking|for|nursery|items","O|O|B|I"
"Show me educational toys",2,"show|me|educational|toys","O|O|B|I"
"Need kids room decor",2,"need|kids|room|decor","O|B|I|I"
"Looking for travel accessories",2,"looking|for|travel|accessories","O|O|B|I"
"Need luggage items",2,"need|luggage|items","O|B|I"
"Show me travel bags",2,"show|me|travel|bags","O|O|B|I"
"Looking for passport holders",2,"looking|for|passport|holders","O|O|B|I"
"Need travel pillows",2,"need|travel|pillows","O|B|I"
"Show me packing cubes",2,"show|me|packing|cubes","O|O|B|I"
"Looking for toiletry bags",2,"looking|for|toiletry|bags","O|O|B|I"
"Need travel adapters",2,"need|travel|adapters","O|B|I"
"Show me luggage tags",2,"show|me|luggage|tags","O|O|B|I"
"recommend me something for my girlfriend",2,"recommend|me|something|for|my|girlfriend","O|O|O|O|O|O"
"recommend me something for my boyfriend",2,"recommend|me|something|for|my|boyfriend","O|O|O|O|O|O"
"recommend me something for my wife",2,"recommend|me|something|for|my|wife","O|O|O|O|O|O"
"recommend me something for my husband",2,"recommend|me|something|for|my|husband","O|O|O|O|O|O"
"recommend me something for my mom",2,"recommend|me|something|for|my|mom","O|O|O|O|O|O"
"recommend me something for my dad",2,"recommend|me|something|for|my|dad","O|O|O|O|O|O"
"recommend me something for my sister",2,"recommend|me|something|for|my|sister","O|O|O|O|O|O"
"recommend me something for my brother",2,"recommend|me|something|for|my|brother","O|O|O|O|O|O"
"recommend me something special",2,"recommend|me|something|special","O|O|O|O"
"recommend something nice",2,"recommend|something|nice","O|O|O"
"recommend something unique",2,"recommend|something|unique","O|O|O"
"recommend something useful",2,"recommend|something|useful","O|O|O"
"can you recommend something",2,"can|you|recommend|something","O|O|O|O"
"please recommend something",2,"please|recommend|something","O|O|O"
"recommend me anything",2,"recommend|me|anything","O|O|O"
"something to wear for party",2,"something|to|wear|for|party","O|O|O|O|O"
"something to wear daily",2,"something|to|wear|daily","O|O|O|O"
"something to wear to work",2,"something|to|wear|to|work","O|O|O|O|O"
"something to wear casual",2,"something|to|wear|casual","O|O|O|O"
"something to eat as gift",2,"something|to|eat|as|gift","O|O|O|O|O"
"something to drink as gift",2,"something|to|drink|as|gift","O|O|O|O|O"
"something for home decoration",2,"something|for|home|decoration","O|O|O|O"
"something for office use",2,"something|for|office|use","O|O|O|O"
"something for kitchen",2,"something|for|kitchen","O|O|O"
"something for bedroom",2,"something|for|bedroom","O|O|O"
"something to track my health",2,"something|to|track|my|health","O|O|O|O|O"
"something to track my fitness",2,"something|to|track|my|fitness","O|O|O|O|O"
"something to track my steps",2,"something|to|track|my|steps","O|O|O|O|O"
"something to track my calories",2,"something|to|track|my|calories","O|O|O|O|O"
"something to track my weight",2,"something|to|track|my|weight","O|O|O|O|O"
"a product to track my health",2,"product|to|track|my|health","O|O|O|O|O"
"a product to track fitness",2,"product|to|track|fitness","O|O|O|O"
"a product to track activity",2,"product|to|track|activity","O|O|O|O"
"a product for home",2,"product|for|home","O|O|O"
"a product for office",2,"product|for|office","O|O|O"
"a product for travel",2,"product|for|travel","O|O|O"
"a product for gym",2,"product|for|gym","O|O|O"
"gold necklace suggestions",2,"gold|necklace|suggestions","B|I|O"
"silver ring suggestions",2,"silver|ring|suggestions","B|I|O"
"watch suggestions",2,"watch|suggestions","B|O"
"perfume suggestions",2,"perfume|suggestions","B|O"
"bag suggestions",2,"bag|suggestions","B|O"
"shoe suggestions",2,"shoe|suggestions","B|O"
"gift suggestions for birthday",2,"gift|suggestions|for|birthday","I|O|O|O"
"gift suggestions for anniversary",2,"gift|suggestions|for|anniversary","I|O|O|O"
"gift suggestions for wedding",2,"gift|suggestions|for|wedding","I|O|O|O"
"product suggestions for her",2,"product|suggestions|for|her","O|O|O|O"
"product suggestions for him",2,"product|suggestions|for|him","O|O|O|O"
"suggestions for women",2,"suggestions|for|women","O|O|O"
"suggestions for men",2,"suggestions|for|men","O|O|O"
"suggestions for kids",2,"suggestions|for|kids","O|O|O"
"suggestions for couples",2,"suggestions|for|couples","O|O|O"
"need suggestions",2,"need|suggestions","O|O"
"give me suggestions",2,"give|me|suggestions","O|O|O"
"any suggestions",2,"any|suggestions","O|O"
"what do you suggest",2,"what|do|you|suggest","O|O|O|O"
"suggest something",2,"suggest|something","O|O"
"suggest me a gift",2,"suggest|me|gift","O|O|I"
"suggest a product",2,"suggest|product","O|O"
"what would you recommend",2,"what|would|you|recommend","O|O|O|O"
"what can you recommend",2,"what|can|you|recommend","O|O|O|O"
"what should I buy",2,"what|should|buy","O|O|O"
"what should I get",2,"what|should|get","O|O|O"
"help me choose a gift",2,"help|me|choose|gift","O|O|O|O"
"help me find something",2,"help|me|find|something","O|O|O|O"
"help me pick a product",2,"help|me|pick|product","O|O|O|O"
"show me options",2,"show|me|options","O|O|O"
"show me choices",2,"show|me|choices","O|O|O"
"what options do I have",2,"what|options|do|have","O|O|O|O"
"what are my choices",2,"what|are|my|choices","O|O|O|O"
"looking for recommendations",2,"looking|for|recommendations","O|O|O"
"need recommendations",2,"need|recommendations","O|O"
"want recommendations",2,"want|recommendations","O|O"
"seeking recommendations",2,"seeking|recommendations","O|O"
"asking for recommendations",2,"asking|for|recommendations","O|O|O"
"something affordable",2,"something|affordable","O|O"
"something expensive",2,"something|expensive","O|O"
"something luxury",2,"something|luxury","O|O"
"something budget friendly",2,"something|budget|friendly","O|O|O"
"something under 500",2,"something|under","O|O"
"something under 1000",2,"something|under","O|O"
"something premium",2,"something|premium","O|O"
"something cheap",2,"something|cheap","O|O"
"ideas for gift",2,"ideas|for|gift","O|O|B"
"ideas for present",2,"ideas|for|present","O|O|B"
"gifting ideas",2,"gifting|ideas","O|O"
"present ideas",2,"present|ideas","B|O"
"what to gift",2,"what|to|gift","O|O|O"
"what to buy as gift",2,"what|to|buy|as|gift","O|O|O|O|B"
"Looking for travel bottles",2,"looking|for|travel|bottles","O|O|B|I"
"anything for winter",2,"anything|for|winter","O|O|O"
"something warm to wear",2,"something|warm|to|wear","O|O|O|O"
"items for cold weather",2,"items|for|cold|weather","B|O|O|O"
"products for winter season",2,"products|for|winter|season","B|O|O|O"
"anything for summer",2,"anything|for|summer","O|O|O"
"something lightweight",2,"something|lightweight","O|O"
"items for hot weather",2,"items|for|hot|weather","B|O|O|O"
"products for monsoon",2,"products|for|monsoon","B|O|O|O"
"anything trendy",2,"anything|trendy","O|O"
"something unique",2,"something|unique","O|O"
"items under 500",2,"items|under","B|O"
"products on sale",2,"products|on|sale","B|O|O"
"anything colorful",2,"anything|colorful","O|O"
"something elegant",2,"something|elegant","O|O"
"luxury items",2,"luxury|items","B|I"
"premium products",2,"premium|products","B|I"
"affordable options",2,"affordable|options","O|O"
"budget-friendly items",2,"budget|friendly|items","B|I|I"
"something handmade",2,"something|handmade","O|O"
"traditional products",2,"traditional|products","B|I"
"modern items",2,"modern|items","B|I"
"vintage products",2,"vintage|products","B|I"
"something practical",2,"something|practical","O|O"
"useful items",2,"useful|items","B|I"
"decorative products",2,"decorative|products","B|I"
"functional items",2,"functional|items","B|I"
"eco-friendly products",2,"eco|friendly|products","B|I|I"
"sustainable items",2,"sustainable|items","B|I"
"organic products",2,"organic|products","B|I"
"natural items",2,"natural|items","B|I"
"recommend me anything",2,"recommend|me|anything","O|O|O"
"suggest something nice",2,"suggest|something|nice","O|O|O"
"looking for ideas",2,"looking|for|ideas","O|O|O"
"show me options",2,"show|me|options","O|O|O"
"what do you have",2,"what|do|you|have","O|O|O|O"
"give me suggestions",2,"give|me|suggestions","O|O|O"
"any recommendations",2,"any|recommendations","O|O"
"help me choose",2,"help|me|choose","O|O|O"
"what should I get",2,"what|should|get","O|O|O"
"help me decide",2,"help|me|decide","O|O|O"
"I need ideas for gift",2,"need|ideas|for|gift","O|O|O|B"
"looking for something special to gift",2,"looking|for|something|special|to|gift","O|O|O|O|O|B"
"want something to surprise",2,"want|something|to|surprise","O|O|O|O"
"need product ideas",2,"need|product|ideas","O|O|O"
"show me popular items",2,"show|me|popular|items","O|O|B|I"
"what are bestsellers",2,"what|are|bestsellers","O|O|B"
"trending products",2,"trending|products","B|I"
"most loved items",2,"most|loved|items","B|I|I"
"customer favorites",2,"customer|favorites","B|I"
"top rated products",2,"top|rated|products","B|I|I"
"show me gift",2,"show|me|gift","O|O|B"
"need gift",2,"need|gift","O|B"
"want gift",2,"want|gift","O|B"
"gift please",2,"gift|please","B|O"
"looking gift",2,"looking|gift","O|B"
"suggestion please",2,"suggestion|please","O|O"
"recommend anything",2,"recommend|anything","O|O"
"help me gift",2,"help|me|gift","O|O|B"
"gift ideas",2,"gift|ideas","B|O"
"need something",2,"need|something","O|O"
"I want to order a gift card",2,"want|to|order|gift|card","O|O|O|B|I"
"Looking to buy gift voucher",2,"looking|to|buy|gift|voucher","O|O|O|B|I"
"Need gift certificate",2,"need|gift|certificate","O|B|I"
"Show me gift hampers",2,"show|me|gift|hampers","O|O|B|I"
"Want gift boxes",2,"want|gift|boxes","O|B|I"
"Looking for gift sets",2,"looking|for|gift|sets","O|O|B|I"
"Need combo gift packs",2,"need|combo|gift|packs","O|B|I|I"
"Show me gift bundles",2,"show|me|gift|bundles","O|O|B|I"
"Want curated gift collections",2,"want|curated|gift|collections","O|B|I|I"
"Looking for gift baskets",2,"looking|for|gift|baskets","O|O|B|I"
"Need assorted gift items",2,"need|assorted|gift|items","O|B|I|I"